date,id,n.drones,drone.mass,avg.individ.mass
05/25/18,2.1,5,0.89716,0.1794
05/25/18,4.1,4,0.43059,0.1076
05/25/18,3.2,10,0.94312,0.0943
05/25/18,4.6,7,0.75875,0.1084
05/25/18,2.3,10,1.11461,0.1115
05/25/18,3.1,6,0.66816,0.1114
06/04/18,1.2,2,0.23008,0.1150
06/04/18,2.6,6,0.54158,0.0903
05/25/18,1.6,4,0.38238,0.0956
05/25/18,3.7,1,0.06418,0.0642
05/24/18,3.4,2,0.19636,0.0982
05/24/18,2.7,9,1.28377,0.1426
05/25/18,1.7,2,0.21031,0.1052
05/25/18,2.2,7,0.54644,0.0781
05/25/18,2.5,2,0.07437,0.0372
05/25/18,2.4,0,0.00000,NA
05/25/18,3.3,1,0.07330,0.0733
05/25/18,4.7,4,0.20606,0.0515
05/24/18,1.5,1,0.11455,0.1146
05/24/18,3.6,2,0.22456,0.1123
05/24/18,3.5,4,0.52452,0.1311
05/24/18,3.1,11,1.30796,0.1189
05/24/18,4.2,5,0.50390,0.1008
05/24/18,4.4,10,1.04010,0.1040
05/24/18,2.7,3,0.36273,0.1209
04/01/18,2.6,2,0.21721,0.1086
05/07/18,1.7,1,0.09249,0.0925
03/29/18,4.2,2,0.28616,0.1431
03/29/18,4.7,1,0.22974,0.2297
04/05/18,2.5,3,0.42966,0.1432
04/13/18,4.7,4,0.37367,0.0934
05/07/18,3.6,4,0.44368,0.1109
05/07/18,3.1,3,0.37369,0.1246
04/05/18,3.3,1,0.17839,0.1784
05/07/18,1.6,1,0.08416,0.0842
04/05/18,1.7,5,0.59866,0.1197
04/05/18,1.2,3,0.30142,0.1005
04/05/18,2.3,5,0.69604,0.1392
04/20/18,3.7,3,0.34886,0.1163
04/16/18,4.6,2,0.23052,0.1153
04/05/18,1.6,4,0.36339,0.0908
05/14/18,3.3,1,0.05997,0.0600
05/04/18,2.2,4,0.63133,0.1578
05/01/18,1.3,2,0.27354,0.1368
04/16/18,2.2,2,0.19024,0.0951
04/01/18,2.2,2,0.25588,0.1279
03/29/18,3.2,3,0.30737,0.1025
04/01/18,1.5,2,0.25358,0.1268
04/01/18,1.6,4,0.51320,0.1283
05/14/18,4.1,3,0.37784,0.1259
04/13/18,4.6,4,0.28617,0.0715
04/13/18,2.2,2,0.57747,0.2887
05/07/18,3.2,3,0.33486,0.1116
04/16/18,3.7,3,0.32842,0.1095
05/07/18,2.1,2,0.27254,0.1363
03/29/18,2.4,2,0.30303,0.1515
05/14/18,2.3,5,0.71662,0.1433
04/01/18,2.5,1,0.07026,0.0703
05/07/18,2.1,3,0.34725,0.1158
05/07/18,1.5,3,0.38178,0.1273
04/16/18,3.3,2,0.25342,0.1267
05/07/18,2.6,3,0.31684,0.1056
04/16/18,4.1,5,0.48945,0.0979
04/13/18,4.1,1,0.06979,0.0698
05/07/18,1.3,3,0.38305,0.1277
04/01/18,1.7,5,0.50550,0.1011
03/29/18,1.5,3,0.45825,0.1528
04/13/18,2.2,3,0.41127,0.1371
04/01/18,1.2,1,0.14624,0.1462
04/01/18,3.7,3,0.52034,0.1734
05/07/18,3.3,2,0.22285,0.1114
05/18/18,4.7,4,0.48139,0.1203
04/13/18,2.5,4,0.76017,0.1900
04/16/18,2.5,4,0.56270,0.1407
03/29/18,2.6,3,0.41206,0.1374
04/16/18,2.6,5,0.62136,0.1243
04/13/18,2.4,2,0.27615,0.1381
02/07/18,4.2,2,0.19414,0.0971
05/07/18,2.2,3,0.41657,0.1389
04/13/18,4.4,1,0.15003,0.1500
03/26/18,3.4,2,0.25880,0.1176
07/07/18,3.5,5,0.63997,0.1454
03/26/18,4.1,1,0.13811,0.0406
03/29/18,4.1,3,0.48808,0.1395
03/29/18,2.2,4,0.40996,0.1000
06/07/18,3.4,4,0.51862,0.1265
05/07/18,2.3,2,0.25201,0.1146
03/26/18,3.5,2,0.21478,0.0632
04/13/18,2.7,2,0.28247,0.1228
04/09/18,4.2,2,0.32531,0.0929
04/13/18,3.1,2,0.28005,0.1037
04/13/18,1.3,1,0.15429,0.0367
04/13/18,1.5,1,0.08373,0.0270
04/09/18,1.6,5,0.50233,0.3864
04/13/18,3.3,2,0.32200,0.2147
04/23/18,2.5,1,0.17546,0.1097
04/09/18,3.5,3,0.30362,0.0920
04/13/18,3.5,1,0.15274,0.0611
04/13/18,2.3,7,1.01872,0.2911
04/09/18,3.4,2,0.30078,0.0859
04/09/18,1.2,2,0.21917,0.0953
04/09/18,2.3,1,0.11013,0.0324
04/16/18,1.7,4,0.28978,0.2415
04/09/18,1.5,3,0.29178,0.1269
04/16/18,3.6,3,0.36720,0.2160
04/09/18,3.2,5,0.42746,0.2850
04/13/18,3.4,2,0.24187,0.0672
04/13/18,1.7,5,0.33061,0.1033
04/05/18,2.4,4,0.54253,0.1596
04/09/18,2.7,4,0.41018,0.2413
04/09/18,3.1,5,0.79810,0.3325
04/05/18,3.4,3,0.37786,0.1399
04/09/18,2.4,4,0.58676,0.1893
04/09/18,3.6,5,0.61170,0.1799
04/09/18,2.3,5,0.58122,0.2422
04/16/18,1.3,2,0.13640,0.0379
04/16/18,4.7,1,0.09244,0.0402
04/20/18,2.2,1,0.08888,0.0684
04/16/18,4.2,1,0.14063,0.0299
04/05/18,3.2,3,0.30313,0.1378
04/20/18,2.5,2,0.23970,0.0571
04/20/18,4.6,4,0.40194,0.1256
04/13/18,1.2,5,0.52053,0.2082
04/05/18,1.5,5,0.41400,0.0900
04/20/18,3.6,1,0.95610,0.7968
04/13/18,3.2,1,0.11302,0.0753
04/20/18,2.3,2,0.33119,0.0920
04/20/18,1.3,1,0.11471,0.0358
04/20/18,2.6,3,0.45049,0.1959
04/13/18,3.7,1,0.14352,0.1104
04/20/18,3.3,3,0.42708,0.1643
04/20/18,2.6,3,0.42874,0.1159
04/16/18,3.2,5,0.53461,0.1620
04/20/18,4.4,4,0.46407,0.1785
04/05/18,3.6,5,0.86567,0.2705
04/05/18,4.4,2,0.34199,0.0777
04/05/18,4.2,4,0.58090,0.1320
04/20/18,2.7,3,0.28789,0.0800
04/20/18,1.7,2,0.19234,0.0437
04/16/18,2.7,5,0.58022,0.1381
04/20/18,2.1,3,0.34916,0.1293
04/05/18,2.6,2,0.29374,0.1088
04/05/18,2.2,3,0.42977,0.2047
04/20/18,3.1,5,0.62951,0.2421
04/05/18,2.1,2,0.29229,0.1329
04/09/18,4.6,4,0.38131,0.1230
04/05/18,1.3,4,0.60769,0.2894
04/01/18,4.1,3,0.38295,0.0833
04/09/18,1.7,2,0.14334,0.1103
04/09/18,2.2,1,0.17320,0.0422
04/09/18,2.2,5,0.74902,0.4406
04/09/18,4.6,2,0.30112,0.1369
04/09/18,2.6,1,0.14820,0.0674
03/26/18,3.2,2,0.21277,0.0463
04/09/18,2.1,4,0.54263,0.2087
05/02/18,3.3,4,0.44628,0.1395
05/02/18,2.2,4,0.65302,0.3110
04/24/18,3.4,1,0.12115,0.0367
03/26/18,2.6,5,0.57054,0.2593
04/24/18,2.5,3,0.33093,0.0973
04/24/18,4.6,3,0.22247,0.0856
04/24/18,3.5,5,0.65718,0.2629
05/02/18,1.6,4,0.51872,0.1128
05/02/18,4.6,2,0.20327,0.0581
05/02/18,2.7,2,0.26458,0.1654
05/02/18,2.5,2,0.28348,0.0616
05/02/18,4.1,2,0.22425,0.0831
05/02/18,3.7,4,0.49295,0.1972
05/02/18,3.5,4,0.43049,0.1050
04/24/18,4.4,2,0.27557,0.0745
04/24/18,2.1,2,0.17962,0.0513
04/24/18,1.6,4,0.35240,0.0801
05/02/18,3.5,5,0.73766,0.3513
04/24/18,2.6,5,0.62927,0.3933
04/24/18,2.7,3,0.20517,0.0586
04/24/18,2.2,2,0.24186,0.0930
05/02/18,3.2,4,0.34293,0.1270
05/02/18,2.6,1,0.12477,0.0567
03/29/18,1.7,1,0.13116,0.0410
03/26/18,3.5,6,0.66113,0.2543
05/02/18,2.2,3,0.43278,0.2546
04/24/18,3.7,1,0.11434,0.0327
03/12/18,1.7,1,0.08068,0.0367
04/24/18,4.2,5,0.57387,0.1551
04/01/18,4.1,5,0.54924,0.3231
03/29/18,2.5,4,0.47698,0.1136
03/26/18,2.3,1,0.06510,0.0159
03/26/18,3.7,3,0.45669,0.1827
03/26/18,3.1,1,0.15613,0.0679
04/01/18,2.3,2,0.28424,0.0768
03/29/18,3.3,2,0.27975,0.0902
03/15/18,1.1,1,0.04415,0.0192
03/29/18,1.6,1,0.11586,0.0351
04/01/18,2.1,5,0.74385,0.6762
04/01/18,4.6,5,0.70122,0.4383
04/01/18,4.4,5,0.68756,0.3274
03/12/18,2.3,1,0.04083,0.0089
04/01/18,3.3,2,0.32220,0.0732
05/02/18,2.6,2,0.28595,0.1243
04/24/18,3.3,3,0.47225,0.1431
05/02/18,2.6,4,0.59274,0.2280